Disease,,Symptom,
C0020538,hypertensive disease,C0008031,pain chest
C0020538,,C0392680,shortness of breath
C0020538,,C0012833,dizziness
C0020538,,C0004093,asthenia
C0020538,,C0085639,fall
C0020538,,C0039070,syncope
C0020538,,C0042571,vertigo
C0020538,,C0038990,sweat
C0020538,,C0700590,sweating increased
C0020538,,C0030252,palpitation
C0020538,,C0027497,nausea
C0020538,,C0002962,angina pectoris
C0020538,,C0438716,pressure chest
C0011847,diabetes,C0032617,polyuria
C0011847,,C0085602,polydypsia
C0011847,,C0392680,shortness of breath
C0011847,,C0008031,pain chest
C0011847,,C0004093,asthenia
C0011847,,C0027497,nausea
C0011847,,C0085619,orthopnea
C0011847,,C0034642,rale
C0011847,,C0038990,sweat
C0011847,,C0700590,sweating increased
C0011847,,C0241526,unresponsiveness
C0011847,,C0856054,mental status changes
C0011847,,C0042571,vertigo
C0011847,,C0042963,vomiting
C0011847,,C0553668,labored breathing
C0011570,depression mental,C0424000,feeling suicidal
C0011570,,C0438696,suicidal
C0011570,,C0233762,hallucinations auditory
C0011570,,C0150041,feeling hopeless
C0011570,,C0424109,weepiness
C0011570,,C0917801,sleeplessness
C0011570,,C0424230,motor retardation
C0011570,,C0022107,irritable mood
C0011570,,C0312422,blackout
C0011570,,C0344315,mood depressed
C0011570,,C0233763,hallucinations visual
C0011570,,C0233481,worry
C0011570,,C0085631,agitation
C0011570,,C0040822,tremor
C0011570,,C0728899,intoxication
C0011570,,C0424068,verbal auditory hallucinations
C0011570,,C0455769,energy increased
C0011570,,C1299586,difficulty
C0011570,,C0028084,nightmare
C0011570,,C0235198,unable to concentrate
C0011570,,C0237154,homelessness
C0011581,depressive disorder,C0424000,feeling suicidal
C0011581,,C0438696,suicidal
C0011581,,C0233762,hallucinations auditory
C0011581,,C0150041,feeling hopeless
C0011581,,C0424109,weepiness
C0011581,,C0917801,sleeplessness
C0011581,,C0424230,motor retardation
C0011581,,C0022107,irritable mood
C0011581,,C0312422,blackout
C0011581,,C0344315,mood depressed
C0011581,,C0233763,hallucinations visual
C0011581,,C0233481,worry
C0011581,,C0085631,agitation
C0011581,,C0040822,tremor
C0011581,,C0728899,intoxication
C0011581,,C0424068,verbal auditory hallucinations
C0011581,,C0455769,energy increased
C0011581,,C1299586,difficulty
C0011581,,C0028084,nightmare
C0011581,,C0235198,unable to concentrate
C0011581,,C0237154,homelessness
C0010054,coronary arteriosclerosis,C0008031,pain chest
C0010054,,C0002962,angina pectoris
C0010054,,C0392680,shortness of breath
C0010054,,C0086439,hypokinesia
C0010054,,C0038990,sweat
C0010054,,C0700590,sweating increased
C0010054,,C0438716,pressure chest
C0010054,,C0231807,dyspnea on exertion
C0010054,,C0085619,orthopnea
C0010054,,C0232292,chest tightness
C0010068,coronary heart disease,C0008031,pain chest
C0010068,,C0002962,angina pectoris
C0010068,,C0392680,shortness of breath
C0010068,,C0086439,hypokinesia
C0010068,,C0038990,sweat
C0010068,,C0700590,sweating increased
C0010068,,C0438716,pressure chest
C0010068,,C0231807,dyspnea on exertion
C0010068,,C0085619,orthopnea
C0010068,,C0232292,chest tightness
C0032285,pneumonia,C0010200,cough
C0032285,,C0015967,fever
C0032285,,C0029053,decreased translucency
C0032285,,C0392680,shortness of breath
C0032285,,C0034642,rale
C0032285,,C0239134,productive cough
C0032285,,C0008033,pleuritic pain
C0032285,,C0457096,yellow sputum
C0032285,,C0238844,breath sounds decreased
C0032285,,C0085593,chill
C0032285,,C0035508,rhonchus
C0032285,,C0457097,green sputum
C0032285,,C0850149,non-productive cough
C0032285,,C0043144,wheezing
C0032285,,C0019079,haemoptysis
C0032285,,C0476273,distress respiratory
C0032285,,C0231835,tachypnea
C0032285,,C0231218,malaise
C0032285,,C0028081,night sweat
C0018802,failure heart congestive,C0392680,shortness of breath
C0018802,,C0085619,orthopnea
C0018802,,C0240100,jugular venous distention
C0018802,,C0034642,rale
C0018802,,C0013404,dyspnea
C0018802,,C0010200,cough
C0018802,,C0043144,wheezing
C0038454,accident cerebrovascular,C0013362,dysarthria
C0038454,,C0004093,asthenia
C0038454,,C0234518,speech slurred
C0038454,,C0427055,facial paresis
C0038454,,C0018991,hemiplegia
C0038454,,C0241526,unresponsiveness
C0038454,,C0036572,seizure
C0038454,,C0028643,numbness
C0004096,asthma,C0043144,wheezing
C0004096,,C0010200,cough
C0004096,,C0392680,shortness of breath
C0004096,,C0232292,chest tightness
C0004096,,C0850149,non-productive cough
C0004096,,C0008033,pleuritic pain
C0004096,,C0239134,productive cough
C0004096,,C0436331,symptom aggravating factors
C0004096,,C0476273,distress respiratory
C0027051,myocardial infarction,C0008031,pain chest
C0027051,,C0520886,st segment elevation
C0027051,,C0038990,sweat
C0027051,,C0700590,sweating increased
C0027051,,C0392680,shortness of breath
C0027051,,C0520887,st segment depression
C0027051,,C0086439,hypokinesia
C0027051,,C0002962,angina pectoris
C0027051,,C0438716,pressure chest
C0027051,,C0520888,t wave inverted
C0027051,,C0085619,orthopnea
C0027051,,C0034642,rale
C0027051,,C0232292,chest tightness
C0027051,,C1305739,presence of q wave
C0027051,,C0030252,palpitation
C0027051,,C0013404,dyspnea
C0027051,,C0235710,chest discomfort
C0027051,,C0428977,bradycardia
C0027051,,C0039070,syncope
C0020443,hypercholesterolemia,C0030193,pain
C0020443,,C0008031,pain chest
C0020443,,C0700590,sweating increased
C0020443,,C0038990,sweat
C0020443,,C0337672,nonsmoker
C0020443,,C0438716,pressure chest
C0020443,,C0039070,syncope
C0020443,,C0028643,numbness
C0020443,,C0235710,chest discomfort
C0020443,,C0392680,shortness of breath
C0020443,,C0520887,st segment depression
C0020443,,C0233481,worry
C0020443,,C0520888,t wave inverted
C0020443,,C0428977,bradycardia
C0020443,,C0013404,dyspnea
C0021311,infection,C0015967,fever
C0021311,,C0041834,erythema
C0021311,,C0029053,decreased translucency
C0021311,,C0019214,hepatosplenomegaly
C0021311,,C0085593,chill
C0021311,,C0033774,pruritus
C0021311,,C0011991,diarrhea
C0021311,,C0549483,abscess bacterial
C0021311,,C0038999,swelling
C0021311,,C0030193,pain
C0021311,,C0277797,apyrexial
C0021311,,C0010200,cough
C0042029,infection urinary tract,C0015967,fever
C0042029,,C0013428,dysuria
C0042029,,C0018965,hematuria
C0042029,,C0235634,renal angle tenderness
C0042029,,C0023380,lethargy
C0042029,,C0004093,asthenia
C0042029,,C0020625,hyponatremia
C0042029,,C0578150,hemodynamically stable
C0042029,,C0476273,distress respiratory
C0042029,,C0241705,difficulty passing urine
C0042029,,C0856054,mental status changes
C0042029,,C0239110,consciousness clear
C0002871,anemia,C0085593,chill
C0002871,,C0744492,guaiac positive
C0002871,,C0746619,monoclonal
C0002871,,C0013491,ecchymosis
C0002871,,C1269955,tumor cell invasion
C0002871,,C0019080,haemorrhage
C0002871,,C0030232,pallor
C0002871,,C0004093,asthenia
C0002871,,C0015672,fatigue
C0002871,,C0744740,heme positive
C0002871,,C0004604,pain back
C0002871,,C0149746,orthostasis
C0002871,,C0020625,hyponatremia
C0002871,,C0012833,dizziness
C0002871,,C0392680,shortness of breath
C0002871,,C0030193,pain
C0002871,,C0035508,rhonchus
C0002871,,C0003862,arthralgia
C0002871,,C0038999,swelling
C0002871,,C1096646,transaminitis
C0024117,chronic obstructive airway disease,C0392680,shortness of breath
C0024117,,C0043144,wheezing
C0024117,,C0010200,cough
C0024117,,C0013404,dyspnea
C0024117,,C0476273,distress respiratory
C0024117,,C0241235,sputum purulent
C0024117,,C0700292,hypoxemia
C0024117,,C0020440,hypercapnia
C0024117,,C0376405,patient non compliance
C0024117,,C0232292,chest tightness
C0497327,dementia,C0015967,fever
C0497327,,C0085639,fall
C0497327,,C0241526,unresponsiveness
C0497327,,C0023380,lethargy
C0497327,,C0085631,agitation
C0497327,,C0013491,ecchymosis
C0497327,,C0039070,syncope
C0497327,,C0034642,rale
C0497327,,C0041657,unconscious state
C0497327,,C0010200,cough
C0497327,,C0425251,bedridden
C0497327,,C0741453,bedridden
C0497327,,C0030193,pain
C0497327,,C0427055,facial paresis
C0497327,,C0232498,abdominal tenderness
C0497327,,C0035508,rhonchus
C0497327,,C1273573,unsteady gait
C0497327,,C0233762,hallucinations auditory
C1565489,insufficiency renal,C0392680,shortness of breath
C1565489,,C0020461,hyperkalemia
C1565489,,C0085619,orthopnea
C1565489,,C0034642,rale
C1565489,,C0085606,urgency of micturition
C1565489,,C0003962,ascites
C1565489,,C0744492,guaiac positive
C1565489,,C0004093,asthenia
C1565489,,C0277797,apyrexial
C1565489,,C0856054,mental status changes
C1565489,,C0013404,dyspnea
C1565489,,C1299586,difficulty
C1565489,,C0011991,diarrhea
C1565489,,C0020649,hypotension
C1565489,,C0238844,breath sounds decreased
C1565489,,C0038999,swelling
C1565489,,C0086439,hypokinesia
C0009676,confusion,C0036572,seizure
C0009676,,C0014394,enuresis
C0009676,,C0023380,lethargy
C0009676,,C0234518,speech slurred
C0009676,,C0085639,fall
C0009676,,C0239110,consciousness clear
C0009676,,C0856054,mental status changes
C0009676,,C0232766,asterixis
C0009676,,C0041657,unconscious state
C0009676,,C0085631,agitation
C0009676,,C0231530,muscle twitch
C0009676,,C0004093,asthenia
C0009676,,C0234450,sleepy
C0009676,,C0012833,dizziness
C0009676,,C0018681,headache
C0009676,,C0013362,dysarthria
C0009676,,C0220870,lightheadedness
C0009676,,C0040822,tremor
C0009676,,C0020625,hyponatremia
C0009676,,C0241526,unresponsiveness
C0029408,degenerative polyarthritis,C0030193,pain
C0029408,,C0149696,food intolerance
C0029408,,C0239832,numbness of hand
C0029408,,C0858924,general discomfort
C0029408,,C0013144,drowsiness
C0029408,,C0004093,asthenia
C0029408,,C0337672,nonsmoker
C0029408,,C0850149,non-productive cough
C0029408,,C0085602,polydypsia
C0029408,,C0427008,stiffness
C0029408,,C1273573,unsteady gait
C0020676,hypothyroidism,C0392680,shortness of breath
C0020676,,C0242453,prostatism
C0020676,,C0013144,drowsiness
C0020676,,C0234450,sleepy
C0020676,,C0020625,hyponatremia
C0020676,,C0085639,fall
C0020676,,C1273573,unsteady gait
C0020676,,C0032617,polyuria
C0020676,,C0020649,hypotension
C0020676,,C1299586,difficulty
C0020676,,C0039070,syncope
C0020676,,C0028084,nightmare
C0020676,,C0234518,speech slurred
C0020676,,C0043094,weight gain
C0020676,,C0004093,asthenia
C0020676,,C0015672,fatigue
C0020676,,C0557875,tired
C0020676,,C0085631,agitation
C0020676,,C0856054,mental status changes
C0020676,,C0424230,motor retardation
C0020676,,C0042963,vomiting
C0020676,,C0028643,numbness
C0020676,,C0577559,mass of body structure
C0700613,anxiety state,C0233481,worry
C0700613,,C0424000,feeling suicidal
C0700613,,C0438696,suicidal
C0700613,,C0917801,sleeplessness
C0700613,,C0150041,feeling hopeless
C0700613,,C0022107,irritable mood
C0700613,,C0040822,tremor
C0700613,,C0312422,blackout
C0700613,,C0424109,weepiness
C0700613,,C0557075,has religious belief
C0700613,,C0027769,nervousness
C0700613,,C0233763,hallucinations visual
C0700613,,C0016579,formication
C0700613,,C1299586,difficulty
C0700613,,C0008031,pain chest
C0700613,,C0376405,patient non compliance
C0700613,,C0085631,agitation
C0700613,,C0030252,palpitation
C0700613,,C0233762,hallucinations auditory
C0700613,,C0344315,mood depressed
C0700613,,C0600142,hot flush
C0700613,,C0030193,pain
C0700613,,C0239110,consciousness clear
C0700613,,C0028084,nightmare
C1306459,primary malignant neoplasm,C0030193,pain
C1306459,,C0577559,mass of body structure
C1306459,,C0221198,lesion
C1306459,,C0332601,cushingoid facies
C1306459,,C0878661,cushingoid habitus
C1306459,,C0743482,emphysematous change
C1306459,,C0043096,decreased body weight
C1306459,,C0003962,ascites
C1306459,,C0019825,hoarseness
C1306459,,C0205400,thicken
C1306459,,C0018965,hematuria
C0001175,acquired immuno-deficiency syndrome,C0015967,fever
C0001175,,C0028081,night sweat
C0001175,,C0233308,spontaneous rupture of membranes
C0001175,,C0010200,cough
C0001175,,C0032739,
C0001175,,C0043096,decreased body weight
C0001175,,C0085593,chill
C0001175,,C0011991,diarrhea
C0001175,,C0008033,pleuritic pain
C0001175,,C0376405,patient non compliance
C0001175,,C0231835,tachypnea
C0001175,,C0239134,productive cough
C0001175,,C0026827,muscle hypotonia
C0001175,,C0241938,hypotonic
C0001175,,C0424000,feeling suicidal
C0019682,HIV,C0015967,fever
C0019682,,C0028081,night sweat
C0019682,,C0233308,spontaneous rupture of membranes
C0019682,,C0010200,cough
C0019682,,C0032739,
C0019682,,C0043096,decreased body weight
C0019682,,C0085593,chill
C0019682,,C0011991,diarrhea
C0019682,,C0008033,pleuritic pain
C0019682,,C0376405,patient non compliance
C0019682,,C0231835,tachypnea
C0019682,,C0239134,productive cough
C0019682,,C0026827,muscle hypotonia
C0019682,,C0241938,hypotonic
C0019682,,C0424000,feeling suicidal
C0019693,hiv infections,C0015967,fever
C0019693,,C0028081,night sweat
C0019693,,C0233308,spontaneous rupture of membranes
C0019693,,C0010200,cough
C0019693,,C0032739,
C0019693,,C0043096,decreased body weight
C0019693,,C0085593,chill
C0019693,,C0011991,diarrhea
C0019693,,C0008033,pleuritic pain
C0019693,,C0376405,patient non compliance
C0019693,,C0231835,tachypnea
C0019693,,C0239134,productive cough
C0019693,,C0026827,muscle hypotonia
C0019693,,C0241938,hypotonic
C0019693,,C0424000,feeling suicidal
C0007642,cellulitis,C0041834,erythema
C0007642,,C0030193,pain
C0007642,,C0038999,swelling
C0007642,,C0332575,redness
C0007642,,C0015967,fever
C0007642,,C0549483,abscess bacterial
C0007642,,C0376405,patient non compliance
C0007642,,C0020580,hypesthesia
C0007642,,C0034880,hyperacusis
C0007642,,C0033774,pruritus
C0007642,,C0008031,pain chest
C0007642,,C1384489,scratch marks
C0007642,,C0085593,chill
C0007642,,C0234233,sore to touch
C0017168,gastroesophageal reflux disease,C0030193,pain
C0017168,,C0008031,pain chest
C0017168,,C0085624,burning sensation
C0017168,,C0020625,hyponatremia
C0017168,,C0239233,satiety early
C0017168,,C1444773,throbbing sensation quality
C0017168,,C0232292,chest tightness
C0017168,,C0234215,sensory discomfort
C0017168,,C1305739,presence of q wave
C0017168,,C0027497,nausea
C0017168,,C0858924,general discomfort
C0017168,,C0009806,constipation
C0017168,,C0030252,palpitation
C0017168,,C0000737,pain abdominal
C0017168,,C0018834,heartburn
C0017168,,C0038990,sweat
C0017168,,C0700590,sweating increased
C0017168,,C0004093,asthenia
C0036690,septicemia,C0015967,fever
C0036690,,C0476273,distress respiratory
C0036690,,C0020649,hypotension
C0036690,,C0231835,tachypnea
C0036690,,C0085593,chill
C0036690,,C0023380,lethargy
C0036690,,C0428977,bradycardia
C0036690,,C0006157,breech presentation
C0036690,,C0010520,cyanosis
C0036690,,C0233308,spontaneous rupture of membranes
C0036690,,C0019080,haemorrhage
C0036690,,C0241526,unresponsiveness
C0036690,,C0034642,rale
C0036690,,C0277797,apyrexial
C0243026,systemic infection,C0015967,fever
C0243026,,C0476273,distress respiratory
C0243026,,C0020649,hypotension
C0243026,,C0231835,tachypnea
C0243026,,C0085593,chill
C0243026,,C0023380,lethargy
C0243026,,C0428977,bradycardia
C0243026,,C0006157,breech presentation
C0243026,,C0010520,cyanosis
C0243026,,C0233308,spontaneous rupture of membranes
C0243026,,C0019080,haemorrhage
C0243026,,C0241526,unresponsiveness
C0243026,,C0034642,rale
C0243026,,C0277797,apyrexial
C1090821,sepsis (invertebrate),C0015967,fever
C1090821,,C0476273,distress respiratory
C1090821,,C0020649,hypotension
C1090821,,C0231835,tachypnea
C1090821,,C0085593,chill
C1090821,,C0023380,lethargy
C1090821,,C0428977,bradycardia
C1090821,,C0006157,breech presentation
C1090821,,C0010520,cyanosis
C1090821,,C0233308,spontaneous rupture of membranes
C1090821,,C0019080,haemorrhage
C1090821,,C0241526,unresponsiveness
C1090821,,C0034642,rale
C1090821,,C0277797,apyrexial
C0149871,deep vein thrombosis,C0038999,swelling
C0149871,,C0030193,pain
C0149871,,C0013491,ecchymosis
C0149871,,C0392680,shortness of breath
C0149871,,C0023222,pain in lower limb
C0149871,,C0018800,cardiomegaly
C0149871,,C0034642,rale
C0149871,,C0041834,erythema
C0149871,,C0020649,hypotension
C0149871,,C0009024,clonus
C0149871,,C0850149,non-productive cough
C0149871,,C0332575,redness
C0011175,dehydration,C0015967,fever
C0011175,,C0011991,diarrhea
C0011175,,C0042963,vomiting
C0011175,,C0020649,hypotension
C0011175,,C0027497,nausea
C0011175,,C0220870,lightheadedness
C0011175,,C0857256,unwell
C0011175,,C0856054,mental status changes
C0011175,,C0003123,anorexia
C0011175,,C0004093,asthenia
C0011175,,C0234215,sensory discomfort
C0011175,,C0039070,syncope
C0011175,,C0023380,lethargy
C0011175,,C0012833,dizziness
C0011175,,C0039070,syncope
C0011175,,C0312422,blackout
C0011175,,C0424533,history of - blackout
C0027651,neoplasm,C0577559,mass of body structure
C0027651,,C0221198,lesion
C0027651,,C0008031,pain chest
C0027651,,C0018965,hematuria
C0027651,,C1269955,tumor cell invasion
C0027651,,C0030193,pain
C0027651,,C0003126,anosmia
C0027651,,C0205400,thicken
C0027651,,C1513183,metastatic lesion
C0027651,,C0149696,food intolerance
C0027651,,C0043096,decreased body weight
C0027651,,C0028081,night sweat
C0027651,,C0271202,hemianopsia homonymous
C0027651,,C0239233,satiety early
C0027651,,C0000737,pain abdominal
C0027651,,C0018681,headache
C0034065,embolism pulmonary,C0392680,shortness of breath
C0034065,,C0700292,hypoxemia
C0034065,,C0231835,tachypnea
C0034065,,C0744727,hematocrit decreased
C0034065,,C0008031,pain chest
C0034065,,C0013404,dyspnea
C0034065,,C0008033,pleuritic pain
C0034065,,C0151315,neck stiffness
C0034065,,C0457096,yellow sputum
C0034065,,C0239134,productive cough
C0034065,,C0008767,cicatrisation
C0034065,,C0241526,unresponsiveness
C0034065,,C0476273,distress respiratory
C0034065,,C0043144,wheezing
C0034065,,C0277797,apyrexial
C0034065,,C0850149,non-productive cough
C0014544,epilepsy,C0036572,seizure
C0014544,,C0347938,hypometabolism
C0014544,,C0236018,aura
C0014544,,C0231530,muscle twitch
C0014544,,C0013144,drowsiness
C0014544,,C0040822,tremor
C0014544,,C0241526,unresponsiveness
C0014544,,C0018991,hemiplegia
C0014544,,C0027066,myoclonus
C0014544,,C0232517,gurgle
C0014544,,C0234450,sleepy
C0014544,,C0023380,lethargy
C0014544,,C0558195,wheelchair bound
C0878544,cardiomyopathy,C0392680,shortness of breath
C0878544,,C0085619,orthopnea
C0878544,,C0086439,hypokinesia
C0878544,,C0240100,jugular venous distention
C0878544,,C0030252,palpitation
C0878544,,C0008031,pain chest
C0878544,,C0039070,syncope
C0878544,,C0457096,yellow sputum
C0878544,,C0034642,rale
C0878544,,C0013404,dyspnea
C0878544,,C0231807,dyspnea on exertion
C0878544,,C0238705,left atrial hypertrophy
C0878544,,C0015672,fatigue
C0878544,,C0043094,weight gain
C0878544,,C0376405,patient non compliance
C0022661,chronic kidney failure,C0042963,vomiting
C0022661,,C0085619,orthopnea
C0022661,,C0020461,hyperkalemia
C0022661,,C0028961,oliguria
C0022661,,C0240100,jugular venous distention
C0022661,,C0027497,nausea
C0022661,,C0392680,shortness of breath
C0022661,,C0856054,mental status changes
C0022661,,C0011991,diarrhea
C0022661,,C0004093,asthenia
C0022661,,C0232292,chest tightness
C0022661,,C0231218,malaise
C0022661,,C0085593,chill
C0022661,,C0034642,rale
C0022661,,C0015967,fever
C0022661,,C0008033,pleuritic pain
C0022661,,C0277797,apyrexial
C0022661,,C0744492,guaiac positive
C0022661,,C0038999,swelling
C0022661,,C0007398,catatonia
C0022661,,C0241526,unresponsiveness
C0022661,,C0457096,yellow sputum
C0007097,carcinoma,C0577559,mass of body structure
C0007097,,C0030193,pain
C0007097,,C0221198,lesion
C0007097,,C1269955,tumor cell invasion
C0007097,,C0205400,thicken
C0007097,,C0043096,decreased body weight
C0007097,,C0019825,hoarseness
C0007097,,C0858924,general discomfort
C0007097,,C1513183,metastatic lesion
C0007097,,C0850149,non-productive cough
C0007097,,C0009806,constipation
C0007097,,C0847488,unhappy
C0007097,,C0030554,paresthesia
C0007097,,C0232995,gravida 0
C0007097,,C0011991,diarrhea
C0007097,,C0234233,sore to touch
C0007097,,C0018834,heartburn
C0007097,,C0027497,nausea
C0007097,,C0034079,lung nodule
C0019196,hepatitis C,C0003962,ascites
C0019196,,C0000731,distended abdomen
C0019196,,C0424000,feeling suicidal
C0019196,,C0010200,cough
C0019196,,C0234238,ache
C0019196,,C0558143,macerated skin
C0019196,,C0581912,heavy feeling
C0019196,,C0233762,hallucinations auditory
C0019196,,C0085593,chill
C0019196,,C0232766,asterixis
C0019196,,C0376405,patient non compliance
C0085096,peripheral vascular disease,C0392680,shortness of breath
C0085096,,C0234253,rest pain
C0085096,,C0002962,angina pectoris
C0085096,,C0241526,unresponsiveness
C0085096,,C0020461,hyperkalemia
C0085096,,C0232201,sinus rhythm
C0085096,,C0553668,labored breathing
C0085096,,C0013404,dyspnea
C0085096,,C0234233,sore to touch
C0085096,,C0003123,anorexia
C0085096,,C0234450,sleepy
C0033975,psychotic disorder,C0438696,suicidal
C0033975,,C0233762,hallucinations auditory
C0033975,,C0424000,feeling suicidal
C0033975,,C0233763,hallucinations visual
C0033975,,C0424230,motor retardation
C0033975,,C0312422,blackout
C0033975,,C0424068,verbal auditory hallucinations
C0033975,,C0150041,feeling hopeless
C0033975,,C0022107,irritable mood
C0033975,,C0085631,agitation
C0033975,,C0040822,tremor
C0033975,,C0007398,catatonia
C0033975,,C0424109,weepiness
C0033975,,C0237154,homelessness
C0033975,,C0917801,sleeplessness
C0033975,,C0424092,withdraw
C0033975,,C0455769,energy increased
C0033975,,C0728899,intoxication
C0033975,,C0233481,worry
C0033975,,C0424295,behavior hyperactive
C0033975,,C0376405,patient non compliance
C0033975,,C0344315,mood depressed
C0033975,,C0558261,terrify
C0033975,,C0028084,nightmare
C0033975,,C0239110,consciousness clear
C0020473,hyperlipidemia,C0008031,pain chest
C0020473,,C0002962,angina pectoris
C0020473,,C0030252,palpitation
C0020473,,C1305739,presence of q wave
C0020473,,C0085635,photopsia
C0020473,,C0038990,sweat
C0020473,,C0700590,sweating increased
C0020473,,C0235710,chest discomfort
C0020473,,C0392680,shortness of breath
C0020473,,C0392701,giddy mood
C0020473,,C0086439,hypokinesia
C0020473,,C0018991,hemiplegia
C0020473,,C0012833,dizziness
C0005586,bipolar disorder,C0424000,feeling suicidal
C0005586,,C0455769,energy increased
C0005586,,C0438696,suicidal
C0005586,,C0022107,irritable mood
C0005586,,C0085631,agitation
C0005586,,C0557075,has religious belief
C0005586,,C0578859,disturbed family
C0005586,,C0233762,hallucinations auditory
C0005586,,C0424068,verbal auditory hallucinations
C0005586,,C0424109,weepiness
C0005586,,C0424295,behavior hyperactive
C0005586,,C0007398,catatonia
C0005586,,C0150041,feeling hopeless
C0005586,,C0233481,worry
C0005586,,C0917801,sleeplessness
C0005586,,C0917799,hypersomnia
C0005586,,C1299586,difficulty
C0005586,,C0233763,hallucinations visual
C0005586,,C0020458,hyperhidrosis disorder
C0005586,,C0026961,mydriasis
C0005586,,C0234133,extrapyramidal sign
C0005586,,C0240233,loose associations
C0005586,,C0728899,intoxication
C0005586,,C0424230,motor retardation
C0005586,,C0237154,homelessness
C0005586,,C0312422,blackout
C0005586,,C0040822,tremor
C0005586,,C0392674,exhaustion
C0028754,obesity,C0030193,pain
C0028754,,C0007398,catatonia
C0028754,,C0037384,snore
C0028754,,C0008031,pain chest
C0028754,,C0429091,r wave feature
C0028754,,C0557075,has religious belief
C0028754,,C0392680,shortness of breath
C0028754,,C0015672,fatigue
C0028754,,C0557875,tired
C0028754,,C0497406,overweight
C0028754,,C0232257,systolic murmur
C0028754,,C0344315,mood depressed
C0028754,,C0013491,ecchymosis
C0022116,ischemia,C0013144,drowsiness
C0022116,,C0234450,sleepy
C0022116,,C0008031,pain chest
C0022116,,C0002962,angina pectoris
C0022116,,C0438716,pressure chest
C0022116,,C0235710,chest discomfort
C0022116,,C0392680,shortness of breath
C0022116,,C0013404,dyspnea
C0022116,,C0232201,sinus rhythm
C0022116,,C0428977,bradycardia
C0022116,,C0038990,sweat
C0022116,,C0700590,sweating increased
C0022116,,C0034642,rale
C0022116,,C0231221,asymptomatic
C0022116,,C0003123,anorexia
C1623038,cirrhosis,C0003962,ascites
C1623038,,C0085639,fall
C1623038,,C0038002,splenomegaly
C1623038,,C0033774,pruritus
C1623038,,C0000737,pain abdominal
C1623038,,C1269955,tumor cell invasion
C1623038,,C0000731,distended abdomen
C1623038,,C0221198,lesion
C1623038,,C0578150,hemodynamically stable
C1623038,,C0744492,guaiac positive
C1623038,,C0234233,sore to touch
C1623038,,C0151706,bleeding of vagina
C0015230,exanthema,C0015967,fever
C0015230,,C0033774,pruritus
C0015230,,C0332573,macule
C0015230,,C0221198,lesion
C0015230,,C0332575,redness
C0015230,,C0018681,headache
C0015230,,C0277797,apyrexial
C0015230,,C0003862,arthralgia
C0015230,,C0038999,swelling
C0015230,,C0041834,erythema
C0015230,,C0085636,photophobia
C0015230,,C0085593,chill
C0015230,,C1384489,scratch marks
C0015230,,C0030193,pain
C0015230,,C0221150,painful swallowing
C0005001,benign prostatic hypertrophy,C0856054,mental status changes
C0005001,,C0006625,cachexia
C0005001,,C0312422,blackout
C0005001,,C0149746,orthostasis
C0005001,,C0085619,orthopnea
C0005001,,C0028081,night sweat
C0005001,,C0476273,distress respiratory
C0005001,,C0003123,anorexia
C0005001,,C0013362,dysarthria
C0022660,kidney failure acute,C0020461,hyperkalemia
C0022660,,C0020649,hypotension
C0022660,,C0020598,hypocalcemia result
C0022660,,C0028961,oliguria
C0022660,,C0578150,hemodynamically stable
C0022660,,C0004093,asthenia
C0022660,,C0020672,"hypothermia, natural"
C0022660,,C0011991,diarrhea
C0022660,,C0019080,haemorrhage
C0022660,,C0241526,unresponsiveness
C0026266,mitral valve insufficiency,C0392680,shortness of breath
C0026266,,C0231807,dyspnea on exertion
C0026266,,C0231221,asymptomatic
C0026266,,C0086439,hypokinesia
C0026266,,C0013404,dyspnea
C0026266,,C0039070,syncope
C0026266,,C0205400,thicken
C0026266,,C0238705,left atrial hypertrophy
C0026266,,C0030252,palpitation
C0026266,,C0015672,fatigue
C0026266,,C0042963,vomiting
C0026266,,C0030193,pain
C0026266,,C0018800,cardiomegaly
C0026266,,C0235710,chest discomfort
C0003864,arthritis,C0030193,pain
C0003864,,C0578150,hemodynamically stable
C0003864,,C0917801,sleeplessness
C0003864,,C0004093,asthenia
C0003864,,C0039070,syncope
C0003864,,C0038999,swelling
C0003864,,C0741302,atypia
C0003864,,C0427108,general unsteadiness
C0003864,,C0392680,shortness of breath
C0003864,,C0000731,distended abdomen
C0006277,bronchitis,C0010200,cough
C0006277,,C0043144,wheezing
C0006277,,C0392680,shortness of breath
C0006277,,C0232292,chest tightness
C0006277,,C0015967,fever
C0006277,,C0242429,throat sore
C0006277,,C0239134,productive cough
C0006277,,C0019214,hepatosplenomegaly
C0006277,,C0028081,night sweat
C0006277,,C0019079,haemoptysis
C0006277,,C0553668,labored breathing
C0006277,,C1260880,snuffle
C0006277,,C0239133,hacking cough
C0006277,,C0013404,dyspnea
C0006277,,C0085593,chill
C0006277,,C0038450,stridor
C0006277,,C0043096,decreased body weight
C0018989,hemiparesis,C0013362,dysarthria
C0018989,,C0030552,paresis
C0018989,,C0004093,asthenia
C0018989,,C0221470,aphagia
C0018989,,C0036572,seizure
C0018989,,C0234518,speech slurred
C0018989,,C0751495,focal seizures
C0018989,,C0018991,hemiplegia
C0018989,,C0423571,abnormal sensation
C0018989,,C0241526,unresponsiveness
C0018989,,C0085628,stupor
C0018989,,C0013144,drowsiness
C0018989,,C0234450,sleepy
C0018989,,C0231890,fremitus
C0018989,,C0271276,Stahli's line
C0018989,,C0677500,stinging sensation
C0018989,,C0522224,paralyse
C0018989,,C0009024,clonus
C0018989,,C0427055,facial paresis
C0029456,osteoporosis,C0242453,prostatism
C0029456,,C0085639,fall
C0029456,,C0019572,hirsutism
C0029456,,C0558361,sniffle
C0029456,,C0000731,distended abdomen
C0029456,,C0042571,vertigo
C0029456,,C0239832,numbness of hand
C0029456,,C0233565,bradykinesia
C0029456,,C0030193,pain
C0029456,,C0039070,syncope
C0029456,,C0848168,out of breath
C0029456,,C0277797,apyrexial
C0029456,,C0150045,urge incontinence
C0029456,,C0220870,lightheadedness
C0007787,transient ischemic attack,C0234518,speech slurred
C0007787,,C0013362,dysarthria
C0007787,,C0427055,facial paresis
C0007787,,C0004093,asthenia
C0007787,,C0151315,neck stiffness
C0007787,,C0042571,vertigo
C0007787,,C0028643,numbness
C0007787,,C0220870,lightheadedness
C0007787,,C0234133,extrapyramidal sign
C0007787,,C0271276,Stahli's line
C0007787,,C0344232,vision blurred
C0007787,,C0018681,headache
C0007787,,C0848277,room spinning
C0007787,,C0039070,syncope
C0007787,,C1299586,difficulty
C0007787,,C0423982,rambling speech
C0007787,,C0233844,clumsiness
C0001418,adenocarcinoma,C0577559,mass of body structure
C0001418,,C0221198,lesion
C0001418,,C0043096,decreased body weight
C0001418,,C0009806,constipation
C0001418,,C0231890,fremitus
C0001418,,C0278014,decreased stool caliber
C0001418,,C0239233,satiety early
C0001418,,C0018932,hematochezia
C0001418,,C0231872,egophony
C0001418,,C0030193,pain
C0001418,,C0008767,cicatrisation
C0001418,,C0241158,scar tissue
C0001418,,C0000737,pain abdominal
C1456784,paranoia,C0233762,hallucinations auditory
C1456784,,C0233763,hallucinations visual
C1456784,,C0085631,agitation
C1456784,,C0022107,irritable mood
C1456784,,C0424068,verbal auditory hallucinations
C1456784,,C0424000,feeling suicidal
C1456784,,C0438696,suicidal
C1456784,,C0558261,terrify
C1456784,,C0233647,neologism
C1456784,,C0237154,homelessness
C1456784,,C0455769,energy increased
C1456784,,C0344315,mood depressed
C1456784,,C0231187,decompensation
C1456784,,C0008767,cicatrisation
C1456784,,C0241158,scar tissue
C1456784,,C0312422,blackout
C1456784,,C0240233,loose associations
C0030305,pancreatitis,C0042963,vomiting
C0030305,,C0000737,pain abdominal
C0030305,,C0027497,nausea
C0030305,,C0030193,pain
C0030305,,C0011991,diarrhea
C0030305,,C0241252,stool color yellow
C0030305,,C0424790,rigor - temperature-associated observation
C0030305,,C0277797,apyrexial
C0030305,,C0234233,sore to touch
C0021167,incontinence,C0221166,paraparesis
C0021167,,C0036572,seizure
C0021167,,C0004093,asthenia
C0021167,,C0150045,urge incontinence
C0021167,,C0041657,unconscious state
C0021167,,C0236018,aura
C0021167,,C0554980,moody
C0021167,,C0877040,fear of falling
C0021167,,C0040822,tremor
C0021167,,C0037763,spasm
C0021167,,C0847488,unhappy
C0021167,,C0039070,syncope
C0021167,,C0085639,fall
C0021167,,C0427008,stiffness
C0021167,,C0241526,unresponsiveness
C0013405,paroxysmal dyspnea,C0085619,orthopnea
C0013405,,C0392680,shortness of breath
C0013405,,C0231807,dyspnea on exertion
C0013405,,C0240100,jugular venous distention
C0013405,,C0034642,rale
C0013405,,C0008031,pain chest
C0013405,,C0030252,palpitation
C0013405,,C0038990,sweat
C0013405,,C0700590,sweating increased
C0013405,,C0043094,weight gain
C0013405,,C0010200,cough
C0013405,,C0013404,dyspnea
C0019270,hernia,C0000737,pain abdominal
C0019270,,C0030193,pain
C0019270,,C0020578,hyperventilation
C0019270,,C0278141,excruciating pain
C0019270,,C0016927,gag
C0019270,,C0027497,nausea
C0019270,,C0872410,posturing
C0019270,,C0018991,hemiplegia
C0019270,,C0234233,sore to touch
C0019270,,C0019080,haemorrhage
C0019270,,C0277797,apyrexial
C0019270,,C0149696,food intolerance
C0019270,,C0277899,pulse absent
C0019270,,C0004093,asthenia
C0019270,,C0577559,mass of body structure
C0019270,,C0205400,thicken
C0376358,malignant neoplasm of prostate,C0018965,hematuria
C0376358,,C0392699,dysesthesia
C0376358,,C0004093,asthenia
C0376358,,C0521516,polymyalgia
C0376358,,C0848621,passed stones
C0376358,,C0008033,pleuritic pain
C0376358,,C0744492,guaiac positive
C0376358,,C0034642,rale
C0376358,,C0238844,breath sounds decreased
C0376358,,C0150045,urge incontinence
C0376358,,C0013428,dysuria
C0376358,,C0011991,diarrhea
C0376358,,C0042571,vertigo
C0376358,,C0151878,qt interval prolonged
C0376358,,C0004134,ataxia
C0376358,,C0030552,paresis
C0376358,,C0271202,hemianopsia homonymous
C0376358,,C1269955,tumor cell invasion
C0376358,,C0578150,hemodynamically stable
C0376358,,C0577559,mass of body structure
C0376358,,C0035508,rhonchus
C0376358,,C0149746,orthostasis
C0376358,,C0043096,decreased body weight
C0600139,carcinoma prostate,C0018965,hematuria
C0600139,,C0392699,dysesthesia
C0600139,,C0004093,asthenia
C0600139,,C0521516,polymyalgia
C0600139,,C0848621,passed stones
C0600139,,C0008033,pleuritic pain
C0600139,,C0744492,guaiac positive
C0600139,,C0034642,rale
C0600139,,C0238844,breath sounds decreased
C0600139,,C0150045,urge incontinence
C0600139,,C0013428,dysuria
C0600139,,C0011991,diarrhea
C0600139,,C0042571,vertigo
C0600139,,C0151878,qt interval prolonged
C0600139,,C0004134,ataxia
C0600139,,C0030552,paresis
C0600139,,C0271202,hemianopsia homonymous
C0600139,,C1269955,tumor cell invasion
C0600139,,C0578150,hemodynamically stable
C0600139,,C0577559,mass of body structure
C0600139,,C0035508,rhonchus
C0600139,,C0149746,orthostasis
C0600139,,C0043096,decreased body weight
C0034063,edema pulmonary,C0085606,urgency of micturition
C0034063,,C0392680,shortness of breath
C0034063,,C0034642,rale
C0034063,,C0231835,tachypnea
C0034063,,C0085619,orthopnea
C0034063,,C0018862,Heberden's node
C0034063,,C0240100,jugular venous distention
C0034063,,C0013404,dyspnea
C0034063,,C0038990,sweat
C0034063,,C0700590,sweating increased
C0034063,,C0376405,patient non compliance
C0034063,,C0235710,chest discomfort
C0034063,,C0020461,hyperkalemia
C0034063,,C0232201,sinus rhythm
C0034063,,C0008031,pain chest
C0034063,,C0020649,hypotension
C0034063,,C0043144,wheezing
C0024228,lymphatic diseases,C0030193,pain
C0024228,,C0577559,mass of body structure
C0024228,,C0028081,night sweat
C0024228,,C0038002,splenomegaly
C0024228,,C0221198,lesion
C0024228,,C0085593,chill
C0024228,,C0043096,decreased body weight
C0024228,,C0038999,swelling
C0024228,,C0015967,fever
C0024228,,C0034880,hyperacusis
C0024228,,C0231890,fremitus
C0024228,,C0850149,non-productive cough
C0024228,,C0231872,egophony
C0024228,,C0332575,redness
C0024228,,C0019209,hepatomegaly
C0024228,,C0015672,fatigue
C0003507,stenosis aortic valve,C0231807,dyspnea on exertion
C0003507,,C0039070,syncope
C0003507,,C0235710,chest discomfort
C0003507,,C0232257,systolic murmur
C0003507,,C0036396,sciatica
C0003507,,C0002962,angina pectoris
C0003507,,C0008031,pain chest
C0003507,,C0577979,frothy sputum
C0003507,,C0428977,bradycardia
C0003507,,C0392680,shortness of breath
C0003507,,C0030193,pain
C0006142,malignant neoplasm of breast,C0024103,mass in breast
C0006142,,C0577559,mass of body structure
C0006142,,C0030554,paresthesia
C0006142,,C0277845,retropulsion
C0006142,,C0041834,erythema
C0006142,,C1299586,difficulty
C0006142,,C0221198,lesion
C0006142,,C0239301,estrogen use
C0006142,,C0085624,burning sensation
C0006142,,C0013404,dyspnea
C0006142,,C0038999,swelling
C0006142,,C0016579,formication
C0678222,carcinoma breast,C0024103,mass in breast
C0678222,,C0577559,mass of body structure
C0678222,,C0030554,paresthesia
C0678222,,C0277845,retropulsion
C0678222,,C0041834,erythema
C0678222,,C1299586,difficulty
C0678222,,C0221198,lesion
C0678222,,C0239301,estrogen use
C0678222,,C0085624,burning sensation
C0678222,,C0013404,dyspnea
C0678222,,C0038999,swelling
C0678222,,C0016579,formication
C0036341,schizophrenia,C0233762,hallucinations auditory
C0036341,,C0751229,hypersomnolence
C0036341,,C0022107,irritable mood
C0036341,,C0424068,verbal auditory hallucinations
C0036341,,C0376405,patient non compliance
C0036341,,C0085631,agitation
C0036341,,C0438696,suicidal
C0036341,,C0233481,worry
C0036341,,C0233763,hallucinations visual
C0036341,,C0041667,underweight
C0036341,,C1319518,underweight
C0036341,,C0237154,homelessness
C0012813,diverticulitis,C0000737,pain abdominal
C0012813,,C0549483,abscess bacterial
C0012813,,C0541911,dullness
C0012813,,C0857199,red blotches
C0012813,,C0011991,diarrhea
C0012813,,C0234233,sore to touch
C0012813,,C0013428,dysuria
C0012813,,C0030193,pain
C0012813,,C0042963,vomiting
C0012813,,C0232201,sinus rhythm
C0012813,,C0232488,colic abdominal
C0012813,,C0277797,apyrexial
C0012813,,C0232498,abdominal tenderness
C0012813,,C0015967,fever
C0012813,,C1273573,unsteady gait
C0012813,,C0205400,thicken
C0012813,,C0085606,urgency of micturition
C0012813,,C0003123,anorexia
C0012813,,C0746619,monoclonal
C0012813,,C0009806,constipation
C0546817,overload fluid,C0034642,rale
C0546817,,C0240100,jugular venous distention
C0546817,,C0020461,hyperkalemia
C0546817,,C0085619,orthopnea
C0546817,,C0392680,shortness of breath
C0546817,,C0013144,drowsiness
C0546817,,C0234450,sleepy
C0546817,,C0043094,weight gain
C0546817,,C0020621,hypokalemia
C0546817,,C0020649,hypotension
C0546817,,C0038999,swelling
C0546817,,C0000731,distended abdomen
C0030920,ulcer peptic,C0000737,pain abdominal
C0030920,,C0221166,paraparesis
C0030920,,C0027497,nausea
C0030920,,C0042963,vomiting
C0030920,,C0521516,polymyalgia
C0030920,,C0848168,out of breath
C0030920,,C0008031,pain chest
C0030920,,C0018991,hemiplegia
C0030920,,C0232517,gurgle
C0030920,,C0020175,hunger
C0030920,,C0277797,apyrexial
C0030920,,C0027769,nervousness
C0029443,osteomyelitis,C0030193,pain
C0029443,,C0332575,redness
C0029443,,C0240813,prostate tender
C0029443,,C0015967,fever
C0029443,,C0241705,difficulty passing urine
C0029443,,C0234233,sore to touch
C0029443,,C0038999,swelling
C0029443,,C0277797,apyrexial
C0029443,,C0041834,erythema
C0029443,,C0549483,abscess bacterial
C0029443,,C0016512,pain foot
C0029443,,C0152032,urinary hesitation
C0017152,gastritis,C0744740,heme positive
C0017152,,C0000737,pain abdominal
C0017152,,C0042963,vomiting
C0017152,,C0281825,disequilibrium
C0017152,,C0027497,nausea
C0017152,,C0728899,intoxication
C0017152,,C0019080,haemorrhage
C0017152,,C0744492,guaiac positive
C0017152,,C0030193,pain
C0017152,,C0043096,decreased body weight
C0017152,,C0234233,sore to touch
C0017152,,C0012833,dizziness
C0004610,bacteremia,C0015967,fever
C0004610,,C0085593,chill
C0004610,,C0016382,flushing
C0004610,,C0241526,unresponsiveness
C0004610,,C0085632,indifferent mood
C0004610,,C1313921,urinoma
C0004610,,C0042963,vomiting
C0004610,,C0000731,distended abdomen
C0004610,,C0239981,hypoalbuminemia
C0004610,,C0241157,pustule
C0004610,,C0242453,prostatism
C0004610,,C0011991,diarrhea
C0004610,,C0232498,abdominal tenderness
C0004610,,C0008033,pleuritic pain
C0004610,,C0029053,decreased translucency
C0004610,,C0030232,pallor
C0035078,failure kidney,C0085619,orthopnea
C0035078,,C0028961,oliguria
C0035078,,C0232854,slowing of urinary stream
C0035078,,C0277794,extreme exhaustion
C0035078,,C0241526,unresponsiveness
C0035078,,C0020649,hypotension
C0035078,,C0014394,enuresis
C0035078,,C0392680,shortness of breath
C0035078,,C0019080,haemorrhage
C0035078,,C0242453,prostatism
C0035078,,C0442739,no status change
C0035078,,C0425251,bedridden
C0035078,,C0741453,bedridden
C0035078,,C0015672,fatigue
C0002895,sickle cell anemia,C1135120,breakthrough pain
C0002895,,C0004604,pain back
C0002895,,C0030193,pain
C0002895,,C0392680,shortness of breath
C0002895,,C1260880,snuffle
C0002895,,C0008031,pain chest
C0002895,,C0000737,pain abdominal
C0002895,,C0019214,hepatosplenomegaly
C0002895,,C0457097,green sputum
C0002895,,C0277797,apyrexial
C0002895,,C0018681,headache
C0018801,failure heart,C0085619,orthopnea
C0018801,,C0015672,fatigue
C0018801,,C0231807,dyspnea on exertion
C0018801,,C0013404,dyspnea
C0018801,,C0392680,shortness of breath
C0018801,,C0232258,pansystolic murmur
C0018801,,C0240100,jugular venous distention
C0018801,,C0694547,systolic ejection murmur
C0018801,,C0020649,hypotension
C0018801,,C0002962,angina pectoris
C0018801,,C0086439,hypokinesia
C0041912,upper respiratory infection,C0010200,cough
C0041912,,C0242429,throat sore
C0041912,,C0043144,wheezing
C0041912,,C0392680,shortness of breath
C0041912,,C0553668,labored breathing
C0041912,,C0015967,fever
C0041912,,C0848340,stuffy nose
C0041912,,C0850149,non-productive cough
C0041912,,C1260880,snuffle
C0041912,,C0085632,indifferent mood
C0041912,,C0231872,egophony
C0041912,,C0234866,barking cough
C0041912,,C0521516,polymyalgia
C0041912,,C0008033,pleuritic pain
C0041912,,C0028081,night sweat
C0041912,,C0013404,dyspnea
C0041912,,C0239134,productive cough
C0041912,,C0029053,decreased translucency
C0041912,,C0035508,rhonchus
C0041912,,C0425488,rapid shallow breathing
C0041912,,C0277797,apyrexial
C0041912,,C0237304,noisy respiration
C0041912,,C0264273,nasal discharge present
C0041912,,C0743482,emphysematous change
C0041912,,C0871754,frail
C0041912,,C1511606,cystic lesion
C0041912,,C0436331,symptom aggravating factors
C0041912,,C0578150,hemodynamically stable
C0019158,hepatitis,C0003962,ascites
C0019158,,C0233308,spontaneous rupture of membranes
C0019158,,C0231835,tachypnea
C0019158,,C0000737,pain abdominal
C0019158,,C0033774,pruritus
C0019158,,C0003123,anorexia
C0019158,,C1096646,transaminitis
C0019158,,C0221151,projectile vomiting
C0019158,,C0085593,chill
C0019158,,C0476273,distress respiratory
C0019158,,C0015967,fever
C0019158,,C0042963,vomiting
C0020542,hypertension pulmonary,C0392680,shortness of breath
C0020542,,C0271276,Stahli's line
C0020542,,C0581911,heavy legs
C0020542,,C0238844,breath sounds decreased
C0020542,,C0151315,neck stiffness
C0020542,,C0231807,dyspnea on exertion
C0020542,,C0010520,cyanosis
C0020542,,C0020649,hypotension
C0020542,,C0238705,left atrial hypertrophy
C0011168,deglutition disorder,C0030554,paresthesia
C0011168,,C0231690,titubation
C0011168,,C0013362,dysarthria
C0011168,,C0221150,painful swallowing
C0011168,,C0019825,hoarseness
C0011168,,C0038450,stridor
C0011168,,C0037763,spasm
C0011168,,C0004093,asthenia
C0011168,,C0234979,dysdiadochokinesia
C0011168,,C0004134,ataxia
C0011168,,C1321756,achalasia
C0011168,,C0043096,decreased body weight
C0011168,,C0427008,stiffness
C0011168,,C0221198,lesion
C0011168,,C0748706,side pain
C0018099,gout,C0600142,hot flush
C0018099,,C0030193,pain
C0018099,,C0332575,redness
C0018099,,C0038999,swelling
C0018099,,C0041834,erythema
C0018099,,C0743482,emphysematous change
C0018099,,C0234233,sore to touch
C0018099,,C0086439,hypokinesia
C0018099,,C0003962,ascites
C0018099,,C0376405,patient non compliance
C0040034,thrombocytopaenia,C0013491,ecchymosis
C0040034,,C0085702,monocytosis
C0040034,,C0032781,posterior rhinorrhea
C0040034,,C0019080,haemorrhage
C0040034,,C0231835,tachypnea
C0040034,,C0015967,fever
C0040034,,C0033774,pruritus
C0040034,,C0020649,hypotension
C0040034,,C0015672,fatigue
C0020615,hypoglycemia,C0241526,unresponsiveness
C0020615,,C0020672,"hypothermia, natural"
C0020615,,C0542044,incoherent
C0020615,,C0151878,qt interval prolonged
C0020615,,C0311395,lameness
C0020615,,C1456822,claudication
C0020615,,C0041657,unconscious state
C0020615,,C0392162,clammy skin
C0020615,,C0032617,polyuria
C0020615,,C0476273,distress respiratory
C0020615,,C0020649,hypotension
C0032290,pneumonia aspiration,C0264576,mediastinal shift
C0032290,,C0015967,fever
C0032290,,C0009024,clonus
C0032290,,C0856054,mental status changes
C0032290,,C0029053,decreased translucency
C0032290,,C0241526,unresponsiveness
C0032290,,C0277794,extreme exhaustion
C0032290,,C0085628,stupor
C0032290,,C0036572,seizure
C0032290,,C1096646,transaminitis
C0032290,,C0018991,hemiplegia
C0032290,,C0010200,cough
C0032290,,C0232517,gurgle
C0032290,,C0030193,pain
C0032290,,C0011991,diarrhea
C0032290,,C0000737,pain abdominal
C0009319,colitis,C0015967,fever
C0009319,,C0205400,thicken
C0009319,,C0457097,green sputum
C0009319,,C0042963,vomiting
C0009319,,C0027498,nausea and vomiting
C0009319,,C0541798,awakening early
C0009319,,C0030193,pain
C0009319,,C0027497,nausea
C0009319,,C0085593,chill
C0009319,,C0232726,tenesmus
C0009319,,C0150045,urge incontinence
C0009319,,C0000737,pain abdominal
C0009319,,C0578150,hemodynamically stable
C1510475,diverticulosis,C1167754,fecaluria
C1510475,,C0009806,constipation
C1510475,,C0549483,abscess bacterial
C1510475,,C0744740,heme positive
C1510475,,C0220870,lightheadedness
C1510475,,C0011991,diarrhea
C1510475,,C0019080,haemorrhage
C1510475,,C0030193,pain
C1510475,,C0221151,projectile vomiting
C1510475,,C0232894,pneumatouria
C1510475,,C1511606,cystic lesion
C1510475,,C0003123,anorexia
C1510475,,C0027497,nausea
C1510475,,C0424000,feeling suicidal
C1510475,,C0150041,feeling hopeless
C0038663,suicide attempt,C0233762,hallucinations auditory
C0038663,,C0917801,sleeplessness
C0038663,,C0438696,suicidal
C0038663,,C0424230,motor retardation
C0038663,,C0424109,weepiness
C0038663,,C0235198,unable to concentrate
C0038663,,C0234544,todd paralysis
C0038663,,C0233481,worry
C0038663,,C0015672,fatigue
C0038663,,C0040822,tremor
C0038663,,C0740880,alcoholic withdrawal symptoms
C0038663,,C0085631,agitation
C0038663,,C0241526,unresponsiveness
C0038663,,C0312422,blackout
C0038663,,C0424092,withdraw
C0038663,,C1299586,difficulty
C0038663,,C0022107,irritable mood
C0038663,,C0234215,sensory discomfort
C0038663,,C0013144,drowsiness
C0038663,,C0016579,formication
C0038663,,C0041657,unconscious state
C0038663,,C0015967,fever
C0038663,,C0010200,cough
C0032305,Pneumocystis carinii pneumonia,C0457096,yellow sputum
C0032305,,C0006625,cachexia
C0032305,,C0085593,chill
C0032305,,C0043096,decreased body weight
C0032305,,C0239134,productive cough
C0032305,,C0231528,myalgia
C0032305,,C0011991,diarrhea
C0032305,,C0151315,neck stiffness
C0032305,,C0239133,hacking cough
C0032305,,C1384606,dyspareunia
C0032305,,C0020621,hypokalemia
C0032305,,C0231807,dyspnea on exertion
C0032305,,C0149758,poor dentition
C0032305,,C1096646,transaminitis
C0032305,,C0850149,non-productive cough
C0032305,,C0018681,headache
C0032305,,C0857516,floppy
C0032305,,C0233308,spontaneous rupture of membranes
C0019163,hepatitis B,C0233467,inappropriate affect
C0019163,,C0231835,tachypnea
C0019163,,C0457096,yellow sputum
C0019163,,C0221151,projectile vomiting
C0019163,,C0576456,poor feeding
C0019163,,C0000737,pain abdominal
C0019163,,C0232498,abdominal tenderness
C0019163,,C0558195,wheelchair bound
C0019163,,C0859032,moan
C0030567,parkinson disease,C1321756,achalasia
C0030567,,C0085639,fall
C0030567,,C0427008,stiffness
C0030567,,C0424092,withdraw
C0030567,,C0085631,agitation
C0030567,,C0018991,hemiplegia
C0030567,,C1299586,difficulty
C0030567,,C0241526,unresponsiveness
C0030567,,C0039070,syncope
C0030567,,C0427055,facial paresis
C0030567,,C0149746,orthostasis
C0030567,,C0233481,worry
C0030567,,C0013144,drowsiness
C0030567,,C0234450,sleepy
C0030567,,C0018965,hematuria
C0030567,,C0040822,tremor
C0030567,,C0028081,night sweat
C0030567,,C0577559,mass of body structure
C0024299,lymphoma,C0221198,lesion
C0024299,,C0015967,fever
C0024299,,C0221232,welt
C0024299,,C1096646,transaminitis
C0024299,,C0043096,decreased body weight
C0024299,,C0004134,ataxia
C0024299,,C0040264,tinnitus
C0024299,,C0020303,hydropneumothorax
C0024299,,C0429562,superimposition
C0024299,,C0019079,haemoptysis
C0024299,,C0015672,fatigue
C0024299,,C0557875,tired
C0024299,,C0085602,polydypsia
C0024299,,C0241705,difficulty passing urine
C0020456,hyperglycemia,C0234233,sore to touch
C0020456,,C0033774,pruritus
C0020456,,C0235129,feeling strange
C0020456,,C0241157,pustule
C0020456,,C0332601,cushingoid facies
C0020456,,C0878661,cushingoid habitus
C0020456,,C0043096,decreased body weight
C0020456,,C0344315,mood depressed
C0020456,,C0239301,estrogen use
C0020456,,C0043144,wheezing
C0020456,,C0003962,ascites
C0020456,,C0036572,seizure
C0085584,encephalopathy,C0242143,uncoordination
C0085584,,C0232766,asterixis
C0085584,,C0019080,haemorrhage
C0085584,,C0013144,drowsiness
C0085584,,C0234450,sleepy
C0085584,,C0424530,absences finding
C0085584,,C0872410,posturing
C0085584,,C0236018,aura
C0085584,,C0270844,tonic seizures
C0085584,,C0742985,debilitation
C0085584,,C0239110,consciousness clear
C0085584,,C0241526,unresponsiveness
C0085584,,C0205400,thicken
C0085584,,C0086439,hypokinesia
C0040961,tricuspid valve insufficiency,C0392680,shortness of breath
C0040961,,C0030193,pain
C0040961,,C0042963,vomiting
C0040961,,C0027497,nausea
C0040961,,C0428977,bradycardia
C0040961,,C0000737,pain abdominal
C0040961,,C0015967,fever
C0040961,,C0008767,cicatrisation
C0040961,,C0264576,mediastinal shift
C0040961,,C0338656,impaired cognition
C0002395,Alzheimer's disease,C0013132,drool
C0002395,,C0085631,agitation
C0002395,,C0028084,nightmare
C0002395,,C0035508,rhonchus
C0002395,,C0239110,consciousness clear
C0002395,,C0235231,pin-point pupils
C0002395,,C0425251,bedridden
C0002395,,C0741453,bedridden
C0002395,,C0871754,frail
C0002395,,C0234379,tremor resting
C0002395,,C0020461,hyperkalemia
C0002395,,C0427055,facial paresis
C0002395,,C0541992,groggy
C0002395,,C0231530,muscle twitch
C0002395,,C0558195,wheelchair bound
C0002395,,C0040822,tremor
C0002395,,C0010200,cough
C0002395,,C0015967,fever
C0006840,candidiasis,C0011991,diarrhea
C0006840,,C0242429,throat sore
C0006840,,C0043096,decreased body weight
C0006840,,C0085593,chill
C0006840,,C0018681,headache
C0006840,,C0232498,abdominal tenderness
C0006840,,C0376405,patient non compliance
C0006840,,C0085636,photophobia
C0006840,,C0028081,night sweat
C0006840,,C0221150,painful swallowing
C0006840,,C0149758,poor dentition
C0006840,,C1096646,transaminitis
C0006840,,C0850149,non-productive cough
C0006840,,C0559546,adverse reaction
C0006840,,C0879626,adverse effect
C0006840,,C1291077,abdominal bloating
C0006849,oralcandidiasis,C0011991,diarrhea
C0006849,,C0242429,throat sore
C0006849,,C0043096,decreased body weight
C0006849,,C0085593,chill
C0006849,,C0018681,headache
C0006849,,C0232498,abdominal tenderness
C0006849,,C0376405,patient non compliance
C0006849,,C0085636,photophobia
C0006849,,C0028081,night sweat
C0006849,,C0221150,painful swallowing
C0006849,,C0149758,poor dentition
C0006849,,C1096646,transaminitis
C0006849,,C0850149,non-productive cough
C0006849,,C0559546,adverse reaction
C0006849,,C0879626,adverse effect
C0006849,,C1291077,abdominal bloating
C0442874,neuropathy,C0004093,asthenia
C0442874,,C0028643,numbness
C0442874,,C0027498,nausea and vomiting
C0442874,,C0541798,awakening early
C0442874,,C0020303,hydropneumothorax
C0442874,,C0429562,superimposition
C0442874,,C0231230,fatigability
C0442874,,C0232726,tenesmus
C0442874,,C0030193,pain
C0442874,,C0232854,slowing of urinary stream
C0022658,kidney disease,C0392680,shortness of breath
C0022658,,C0020461,hyperkalemia
C0022658,,C0008031,pain chest
C0022658,,C0015967,fever
C0022658,,C0232995,gravida 0
C0022658,,C0151706,bleeding of vagina
C0023267,fibroid tumor,C0233071,para 2
C0023267,,C0019080,haemorrhage
C0023267,,C0156543,abortion
C0023267,,C0232943,intermenstrual heavy bleeding
C0023267,,C0026827,muscle hypotonia
C0023267,,C0241938,hypotonic
C0023267,,C0232997,previous pregnancies 2
C0023267,,C0392680,shortness of breath
C0023267,,C0015967,fever
C0023267,,C0018834,heartburn
C0023267,,C0860096,primigravida
C0023267,,C0702118,abnormally hard consistency
C0023267,,C1405524,proteinemia
C0017601,glaucoma,C0085639,fall
C0017601,,C0000731,distended abdomen
C0017601,,C1273573,unsteady gait
C0017601,,C0030554,paresthesia
C0017601,,C0020625,hyponatremia
C0017601,,C0085631,agitation
C0017601,,C0041657,unconscious state
C0017601,,C0085624,burning sensation
C0017601,,C0221198,lesion
C0017601,,C0577559,mass of body structure
C0027627,neoplasm metastasis,C0205400,thicken
C0027627,,C1269955,tumor cell invasion
C0027627,,C1513183,metastatic lesion
C0027627,,C0007859,pain neck
C0027627,,C0034079,lung nodule
C0027627,,C0030193,pain
C0027627,,C0000737,pain abdominal
C0027627,,C0149696,food intolerance
C0027627,,C0577559,mass of body structure
C0027627,,C0741302,atypia
C0007102,malignant tumor of colon,C0221198,lesion
C0007102,,C0242453,prostatism
C0007102,,C0009806,constipation
C0007102,,C0858924,general discomfort
C0007102,,C0011991,diarrhea
C0007102,,C0000737,pain abdominal
C0007102,,C0152032,urinary hesitation
C0007102,,C0857087,dizzy spells
C0007102,,C0278146,shooting pain
C0007102,,C0428977,bradycardia
C0007102,,C0042963,vomiting
C0007102,,C0694547,systolic ejection murmur
C0007102,,C0027497,nausea
C0007102,,C0235250,hyperemesis
C0007102,,C0085602,polydypsia
C0699790,carcinoma colon,C0221198,lesion
C0699790,,C0242453,prostatism
C0699790,,C0009806,constipation
C0699790,,C0858924,general discomfort
C0699790,,C0011991,diarrhea
C0699790,,C0000737,pain abdominal
C0699790,,C0152032,urinary hesitation
C0699790,,C0857087,dizzy spells
C0699790,,C0278146,shooting pain
C0699790,,C0428977,bradycardia
C0699790,,C0042963,vomiting
C0699790,,C0694547,systolic ejection murmur
C0699790,,C0027497,nausea
C0699790,,C0235250,hyperemesis
C0699790,,C0085602,polydypsia
C0011880,ketoacidosis diabetic,C0032617,polyuria
C0011880,,C0042963,vomiting
C0011880,,C0027497,nausea
C0011880,,C0000737,pain abdominal
C0011880,,C0443260,milky
C0011880,,C0235129,feeling strange
C0011880,,C0232517,gurgle
C0011880,,C0027769,nervousness
C0011880,,C0232498,abdominal tenderness
C0011880,,C0232605,regurgitates after swallowing
C0011880,,C0344232,vision blurred
C0011880,,C0152032,urinary hesitation
C0011880,,C0011991,diarrhea
C0011880,,C0036572,seizure
C0011880,,C0236018,aura
C0014549,tonic-clonic epilepsy,C0013144,drowsiness
C0014549,,C0542073,lip smacking
C0014549,,C0027066,myoclonus
C0014549,,C0040822,tremor
C0014549,,C0751466,phonophobia
C0014549,,C0522336,rolling of eyes
C0014549,,C0234450,sleepy
C0014549,,C0019572,hirsutism
C0014549,,C0554980,moody
C0014549,,C0231530,muscle twitch
C0014549,,C0241526,unresponsiveness
C0014549,,C0018681,headache
C0014549,,C0002416,ambidexterity
C0014549,,C0424530,absences finding
C0014549,,C0037763,spasm
C0014549,,C0043096,decreased body weight
C0014549,,C1269955,tumor cell invasion
C0494475,tonic-clonic seizures,C0013144,drowsiness
C0494475,,C0542073,lip smacking
C0494475,,C0027066,myoclonus
C0494475,,C0040822,tremor
C0494475,,C0751466,phonophobia
C0494475,,C0522336,rolling of eyes
C0494475,,C0234450,sleepy
C0494475,,C0019572,hirsutism
C0494475,,C0554980,moody
C0494475,,C0231530,muscle twitch
C0494475,,C0241526,unresponsiveness
C0494475,,C0018681,headache
C0494475,,C0002416,ambidexterity
C0494475,,C0424530,absences finding
C0494475,,C0037763,spasm
C0494475,,C0043096,decreased body weight
C0494475,,C1269955,tumor cell invasion
C0006826,malignant neoplasms,C0232118,pulsus paradoxus
C0006826,,C1291692,gravida 10
C0006826,,C0577559,mass of body structure
C0006826,,C0221198,lesion
C0006826,,C0018834,heartburn
C0006826,,C0028081,night sweat
C0006826,,C0205400,thicken
C0006826,,C0085593,chill
C0006826,,C0029053,decreased translucency
C0006826,,C0000737,pain abdominal
C0006826,,C0541911,dullness
C0006826,,C0149696,food intolerance
C0006826,,C0476273,distress respiratory
C0006826,,C0020649,hypotension
C1145670,respiratory failure,C0018991,hemiplegia
C1145670,,C0037384,snore
C1145670,,C0241526,unresponsiveness
C1145670,,C0239134,productive cough
C1145670,,C0013404,dyspnea
C1145670,,C0231835,tachypnea
C1145670,,C0020461,hyperkalemia
C1145670,,C0086439,hypokinesia
C1145670,,C0232201,sinus rhythm
C1145670,,C0427108,general unsteadiness
C1145670,,C0006318,bruit
C1145670,,C0239110,consciousness clear
C1145670,,C0392680,shortness of breath
C1145670,,C0221198,lesion
C1145670,,C0332575,redness
C0025202,melanoma,C0577559,mass of body structure
C0025202,,C0221166,paraparesis
C0025202,,C0015967,fever
C0025202,,C0232995,gravida 0
C0025202,,C0030193,pain
C0025202,,C0033774,pruritus
C0025202,,C0024103,mass in breast
C0025202,,C0042963,vomiting
C0025202,,C0011991,diarrhea
C0017160,gastroenteritis,C0000737,pain abdominal
C0017160,,C0476287,breath-holding spell
C0017160,,C0027497,nausea
C0017160,,C0043096,decreased body weight
C0017160,,C0234233,sore to touch
C0017160,,C0240962,scleral icterus
C0017160,,C0015967,fever
C0017160,,C0231528,myalgia
C0017160,,C0020625,hyponatremia
C0017160,,C0232602,retch
C0017160,,C0577559,mass of body structure
C0017160,,C0043096,decreased body weight
C0242379,malignant neoplasm of lung,C0221198,lesion
C0242379,,C0010200,cough
C0242379,,C0034079,lung nodule
C0242379,,C0392680,shortness of breath
C0242379,,C0019079,haemoptysis
C0242379,,C0742985,debilitation
C0242379,,C0232517,gurgle
C0242379,,C0234238,ache
C0242379,,C0034642,rale
C0242379,,C0028081,night sweat
C0242379,,C0029053,decreased translucency
C0242379,,C0004093,asthenia
C0242379,,C1513183,metastatic lesion
C0242379,,C0085631,agitation
C0242379,,C0022107,irritable mood
C0684249,carcinoma of lung,C0221198,lesion
C0684249,,C0010200,cough
C0684249,,C0034079,lung nodule
C0684249,,C0392680,shortness of breath
C0684249,,C0019079,haemoptysis
C0684249,,C0742985,debilitation
C0684249,,C0232517,gurgle
C0684249,,C0234238,ache
C0684249,,C0034642,rale
C0684249,,C0028081,night sweat
C0684249,,C0029053,decreased translucency
C0684249,,C0004093,asthenia
C0684249,,C1513183,metastatic lesion
C0684249,,C0085631,agitation
C0684249,,C0022107,irritable mood
C0024713,manic disorder,C0455769,energy increased
C0024713,,C0438696,suicidal
C0024713,,C0917799,hypersomnia
C0024713,,C0424000,feeling suicidal
C0024713,,C0948786,blanch
C0024713,,C0233762,hallucinations auditory
C0024713,,C0233763,hallucinations visual
C0024713,,C0233492,elation
C0024713,,C0424068,verbal auditory hallucinations
C0024713,,C0150041,feeling hopeless
C0024713,,C1299586,difficulty
C0024713,,C0231187,decompensation
C0024713,,C0558089,verbally abusive behavior
C0024713,,C0438696,suicidal
C0024713,,C0424000,feeling suicidal
C0031212,personality disorder,C0028084,nightmare
C0031212,,C0150041,feeling hopeless
C0031212,,C0558141,transsexual
C0031212,,C0233762,hallucinations auditory
C0031212,,C0022107,irritable mood
C0031212,,C0917801,sleeplessness
C0031212,,C0085631,agitation
C0031212,,C0424109,weepiness
C0031212,,C0344315,mood depressed
C0031212,,C1384489,scratch marks
C0031212,,C0027498,nausea and vomiting
C0031212,,C0277794,extreme exhaustion
C0031212,,C0748706,side pain
C0031212,,C0233481,worry
C0031212,,C0014394,enuresis
C0031212,,C0237154,homelessness
C0031212,,C0027769,nervousness
C0031212,,C0003962,ascites
C0031212,,C0033774,pruritus
C0019204,primary carcinoma of the liver cells,C0577559,mass of body structure
C0019204,,C0038002,splenomegaly
C0019204,,C0221198,lesion
C0019204,,C0030552,paresis
C0019204,,C1269955,tumor cell invasion
C0019204,,C0848277,room spinning
C0019204,,C0019080,haemorrhage
C0019204,,C0205400,thicken
C0019204,,C0085632,indifferent mood
C0019204,,C0006625,cachexia
C0019204,,C0020672,"hypothermia, natural"
C0019204,,C0000737,pain abdominal
C0019204,,C0019209,hepatomegaly
C0019204,,C0744727,hematocrit decreased
C0019204,,C0085628,stupor
C0019204,,C0043096,decreased body weight
C0019204,,C0392680,shortness of breath
C0019204,,C0010200,cough
C0034067,emphysema pulmonary,C0474395,behavior showing increased motor activity
C0034067,,C0241158,scar tissue
C0034067,,C0231807,dyspnea on exertion
C0034067,,C0520966,coordination abnormal
C0034067,,C0231528,myalgia
C0034067,,C0020440,hypercapnia
C0034067,,C0392162,clammy skin
C0034067,,C0557075,has religious belief
C0034067,,C0848277,room spinning
C0034067,,C0859032,moan
C0034067,,C0028081,night sweat
C0034067,,C0006625,cachexia
C0034067,,C0436331,symptom aggravating factors
C0034067,,C0013404,dyspnea
C0034067,,C0034642,rale
C0034067,,C0016382,flushing
C0034067,,C0221150,painful swallowing
C0034067,,C0003862,arthralgia
C0034067,,C0008301,choke
C0034067,,C0232726,tenesmus
C0034067,,C0009806,constipation
C0019112,hemorrhoids,C0019080,haemorrhage
C0019112,,C0232695,bowel sounds decreased
C0019112,,C0278014,decreased stool caliber
C0019112,,C0027498,nausea and vomiting
C0019112,,C0020175,hunger
C0019112,,C0011991,diarrhea
C0019112,,C0012833,dizziness
C0019112,,C0020625,hyponatremia
C0019112,,C0009024,clonus
C0019112,,C0030193,pain
C0019112,,C1321756,achalasia
C0019112,,C0085624,burning sensation
C0019112,,C0744492,guaiac positive
C0019112,,C0239832,numbness of hand
C0019112,,C0043144,wheezing
C0019112,,C0010200,cough
C0006266,spasm bronchial,C0392680,shortness of breath
C0006266,,C0241158,scar tissue
C0006266,,C0277797,apyrexial
C0006266,,C0262581,no known drug allergies
C0006266,,C0030193,pain
C0006266,,C0239134,productive cough
C0006266,,C0242429,throat sore
C0006266,,C0013404,dyspnea
C0006266,,C0232292,chest tightness
C0006266,,C0700292,hypoxemia
C0006266,,C0231835,tachypnea
C0006266,,C0234215,sensory discomfort
C0006266,,C0015967,fever
C0006266,,C0042963,vomiting
C0006266,,C0035508,rhonchus
C0006266,,C0018991,hemiplegia
C0006266,,C0231890,fremitus
C0003537,aphasia,C0009024,clonus
C0003537,,C0231872,egophony
C0003537,,C0427055,facial paresis
C0003537,,C0221470,aphagia
C0003537,,C0231530,muscle twitch
C0003537,,C0522224,paralyse
C0003537,,C0024031,low back pain
C0003537,,C0277823,charleyhorse
C0028756,obesity morbid,C0848168,out of breath
C0028756,,C0205254,sedentary
C0028756,,C0002962,angina pectoris
C0028756,,C0010200,cough
C0028756,,C0847488,unhappy
C0028756,,C0553668,labored breathing
C0028756,,C0020672,"hypothermia, natural"
C0028756,,C0013404,dyspnea
C0028756,,C0744727,hematocrit decreased
C0028756,,C0043144,wheezing
C0028756,,C0700292,hypoxemia
C0028756,,C0235634,renal angle tenderness
C0028756,,C0424749,feels hot/feverish
C0034186,pyelonephritis,C0015967,fever
C0034186,,C0030193,pain
C0034186,,C0085606,urgency of micturition
C0034186,,C0018965,hematuria
C0034186,,C0042963,vomiting
C0034186,,C0085593,chill
C0034186,,C0011991,diarrhea
C0034186,,C0027497,nausea
C0034186,,C0000737,pain abdominal
C0034186,,C0231528,myalgia
C0034186,,C0015967,fever
C0034186,,C0085593,chill
C0014118,endocarditis,C0008033,pleuritic pain
C0014118,,C0205400,thicken
C0014118,,C0231528,myalgia
C0014118,,C0277797,apyrexial
C0014118,,C0028081,night sweat
C0014118,,C1517205,flare
C0014118,,C0392680,shortness of breath
C0014118,,C0085619,orthopnea
C0014118,,C0549483,abscess bacterial
C0014118,,C0020649,hypotension
C0014118,,C0010200,cough
C0014118,,C1513183,metastatic lesion
C0014118,,C0238844,breath sounds decreased
C0014118,,C0043096,decreased body weight
C0014118,,C0232118,pulsus paradoxus
C0014118,,C0086439,hypokinesia
C0031039,effusion pericardial,C0232267,pericardial friction rub
C0031039,,C0013404,dyspnea
C0031039,,C0392680,shortness of breath
C0031039,,C0578150,hemodynamically stable
C0031039,,C0018800,cardiomegaly
C0031039,,C0020649,hypotension
C0031039,,C0241235,sputum purulent
C0031039,,C0427055,facial paresis
C0031039,,C0030193,pain
C0031039,,C0028961,oliguria
C0031039,,C0312422,blackout
C0031039,,C0728899,intoxication
C1253937,pericardial effusion body substance,C0232267,pericardial friction rub
C1253937,,C0013404,dyspnea
C1253937,,C0392680,shortness of breath
C1253937,,C0578150,hemodynamically stable
C1253937,,C0018800,cardiomegaly
C1253937,,C0020649,hypotension
C1253937,,C0241235,sputum purulent
C1253937,,C0427055,facial paresis
C1253937,,C0030193,pain
C1253937,,C0028961,oliguria
C1253937,,C0312422,blackout
C1253937,,C0728899,intoxication
C0001973,chronic alcoholic intoxication,C0040822,tremor
C0001973,,C0233762,hallucinations auditory
C0001973,,C0438696,suicidal
C0001973,,C0424337,hoard
C0001973,,C0022107,irritable mood
C0001973,,C0150041,feeling hopeless
C0001973,,C0424000,feeling suicidal
C0001973,,C0233647,neologism
C0001973,,C0036572,seizure
C0001973,,C0237154,homelessness
C0001973,,C0917801,sleeplessness
C0001973,,C0041657,unconscious state
C0001973,,C0030318,panic
C0001973,,C0238844,breath sounds decreased
C0001973,,C0392680,shortness of breath
C0032326,pneumothorax,C0013404,dyspnea
C0032326,,C0425560,cardiovascular finding
C0032326,,C1320716,cardiovascular event
C0032326,,C0019079,haemoptysis
C0032326,,C0010200,cough
C0032326,,C0020440,hypercapnia
C0032326,,C0037580,soft tissue swelling
C0032326,,C0242453,prostatism
C0032326,,C0085631,agitation
C0011206,delirium,C1273573,unsteady gait
C0011206,,C0424092,withdraw
C0011206,,C0020625,hyponatremia
C0011206,,C0558089,verbally abusive behavior
C0011206,,C0424000,feeling suicidal
C0011206,,C0241526,unresponsiveness
C0011206,,C0233481,worry
C0011206,,C0013144,drowsiness
C0011206,,C0234450,sleepy
C0011206,,C0233762,hallucinations auditory
C0011206,,C0438696,suicidal
C0011206,,C0015967,fever
C0011206,,C0011991,diarrhea
C0027947,neutropenia,C1096646,transaminitis
C0027947,,C0038002,splenomegaly
C0027947,,C0028081,night sweat
C0027947,,C0277797,apyrexial
C0027947,,C0221198,lesion
C0027947,,C1260880,snuffle
C0027947,,C0085593,chill
C0027947,,C0010200,cough
C0027947,,C0746619,monoclonal
C0027947,,C0020598,hypocalcemia result
C0027947,,C0028961,oliguria
C0027947,,C0427629,rhd positive
C0027947,,C0476273,distress respiratory
C0020433,hyperbilirubinemia,C0010520,cyanosis
C0020433,,C0231835,tachypnea
C0020433,,C0233070,para 1
C0020433,,C0428977,bradycardia
C0020433,,C0006157,breech presentation
C0020433,,C0332601,cushingoid facies
C0020433,,C0878661,cushingoid habitus
C0020433,,C0010200,cough
C0020433,,C0231528,myalgia
C0021400,influenza,C0242143,uncoordination
C0021400,,C0015967,fever
C0021400,,C0008033,pleuritic pain
C0021400,,C1260880,snuffle
C0021400,,C0242429,throat sore
C0021400,,C0231218,malaise
C0021400,,C0742985,debilitation
C0021400,,C0436331,symptom aggravating factors
C0021400,,C0085593,chill
C0021400,,C0240962,scleral icterus
C0021400,,C0277873,nasal flaring
C0021400,,C0013428,dysuria
C0021400,,C0542073,lip smacking
C0021400,,C0018681,headache
C0021400,,C0037383,sneeze
C0021400,,C0037384,snore
C0021400,,C0457097,green sputum
C0021400,,C0392680,shortness of breath
C0021400,,C0476273,distress respiratory
C0021400,,C0312422,blackout
C0021400,,C0277794,extreme exhaustion
C0439857,dependence,C0728899,intoxication
C0439857,,C0040822,tremor
C0439857,,C0085631,agitation
C0439857,,C0438696,suicidal
C0439857,,C0237154,homelessness
C0439857,,C0242453,prostatism
C0439857,,C0023380,lethargy
C0439857,,C0036572,seizure
C0439857,,C0231530,muscle twitch
C0439857,,C0848340,stuffy nose
C0439857,,C0150041,feeling hopeless
C0439857,,C0581911,heavy legs
C0439857,,C0034642,rale
C0087086,thrombus,C0086439,hypokinesia
C0087086,,C0003123,anorexia
C0087086,,C0235396,hypertonicity
C0087086,,C0392680,shortness of breath
C0087086,,C0239981,hypoalbuminemia
C0087086,,C0033774,pruritus
C0087086,,C0234233,sore to touch
C0087086,,C0578150,hemodynamically stable
C0087086,,C0427055,facial paresis
C0087086,,C0042963,vomiting
C0087086,,C0241252,stool color yellow
C0008325,cholecystitis,C0859032,moan
C0008325,,C0027497,nausea
C0008325,,C0000737,pain abdominal
C0008325,,C0277977,Murphy's sign
C0008325,,C0016204,flatulence
C0008325,,C0232488,colic abdominal
C0008325,,C0030193,pain
C0008325,,C0003962,ascites
C0008325,,C0011991,diarrhea
C0008325,,C0151878,qt interval prolonged
C0008325,,C0425560,cardiovascular finding
C0008325,,C1320716,cardiovascular event
C0008325,,C0541992,groggy
C0008325,,C0232201,sinus rhythm
C0008325,,C0425449,gasping for breath
C0008325,,C0009806,constipation
C0008325,,C0474505,feces in rectum
C0008325,,C0702118,abnormally hard consistency
C0019291,hernia hiatal,C0000737,pain abdominal
C0019291,,C0231230,fatigability
C0019291,,C0240805,prodrome
C0019291,,C0042963,vomiting
C0019291,,C0027497,nausea
C0019291,,C0231528,myalgia
C0019291,,C0020625,hyponatremia
C0019291,,C0234233,sore to touch
C0019291,,C0858924,general discomfort
C0019291,,C0231807,dyspnea on exertion
C0019291,,C0232766,asterixis
C0019291,,C0744492,guaiac positive
C0019291,,C0239832,numbness of hand
C0019291,,C0018681,headache
C0019291,,C0085636,photophobia
C0149931,migraine disorders,C0002416,ambidexterity
C0149931,,C0042963,vomiting
C0149931,,C0012833,dizziness
C0149931,,C0028643,numbness
C0149931,,C0027497,nausea
C0149931,,C0015967,fever
C0149931,,C0038002,splenomegaly
C0030312,pancytopenia,C0020639,hypoproteinemia
C0030312,,C0015672,fatigue
C0030312,,C0019080,haemorrhage
C0030312,,C0231230,fatigability
C0030312,,C0332601,cushingoid facies
C0030312,,C0878661,cushingoid habitus
C0030312,,C0241252,stool color yellow
C0030312,,C0232488,colic abdominal
C0008350,cholelithiasis,C0042963,vomiting
C0008350,,C0027497,nausea
C0008350,,C0000737,pain abdominal
C0008350,,C0030193,pain
C0008350,,C0332601,cushingoid facies
C0008350,,C0878661,cushingoid habitus
C0008350,,C0003962,ascites
C0008350,,C0205400,thicken
C0008350,,C0234233,sore to touch
C0008350,,C0011991,diarrhea
C0008350,,C0277797,apyrexial
C0008350,,C0030252,palpitation
C0242216,biliary calculus,C0042963,vomiting
C0242216,,C0027497,nausea
C0242216,,C0000737,pain abdominal
C0242216,,C0030193,pain
C0242216,,C0332601,cushingoid facies
C0242216,,C0878661,cushingoid habitus
C0242216,,C0003962,ascites
C0242216,,C0205400,thicken
C0242216,,C0234233,sore to touch
C0242216,,C0011991,diarrhea
C0242216,,C0277797,apyrexial
C0242216,,C0030252,palpitation
C0039239,tachycardia sinus,C0238705,left atrial hypertrophy
C0039239,,C0038990,sweat
C0039239,,C0700590,sweating increased
C0039239,,C0556346,alcohol binge episode
C0039239,,C0438716,pressure chest
C0039239,,C0241158,scar tissue
C0039239,,C0425560,cardiovascular finding
C0039239,,C1320716,cardiovascular event
C0039239,,C0149746,orthostasis
C0039239,,C0392680,shortness of breath
C0039239,,C0520888,t wave inverted
C0039239,,C0042963,vomiting
C0039239,,C0000737,pain abdominal
C1258215,ileus,C0549483,abscess bacterial
C1258215,,C0000727,abdomen acute
C1258215,,C0740844,air fluid level
C1258215,,C0425491,catching breath
C1258215,,C0232498,abdominal tenderness
C1258215,,C0027497,nausea
C1258215,,C0234233,sore to touch
C1258215,,C0016204,flatulence
C1258215,,C0011991,diarrhea
C1258215,,C0577559,mass of body structure
C1258215,,C0277797,apyrexial
C1258215,,C0009806,constipation
C1258215,,C0205400,thicken
C1258215,,C0232995,gravida 0
C1258215,,C0000737,pain abdominal
C0001511,adhesion,C0016204,flatulence
C0001511,,C0030193,pain
C0001511,,C0456091,large-for-dates fetus
C0001511,,C0233070,para 1
C0001511,,C0042963,vomiting
C0001511,,C0034079,lung nodule
C0001511,,C0006157,breech presentation
C0001511,,C0392680,shortness of breath
C0001511,,C0043096,decreased body weight
C0001511,,C0231441,immobile
C0001511,,C1273573,unsteady gait
C0001511,,C0233763,hallucinations visual
C0001511,,C0424000,feeling suicidal
C0011253,delusion,C0240233,loose associations
C0011253,,C0392701,giddy mood
C0011253,,C0150041,feeling hopeless
C0011253,,C0085631,agitation
C0011253,,C0233762,hallucinations auditory
C0011253,,C0022107,irritable mood
C0011253,,C0917801,sleeplessness
C0011253,,C0233647,neologism
C0011253,,C0455204,homicidal thoughts
C0011253,,C0578859,disturbed family
C0011253,,C0233481,worry
C0011253,,C0231187,decompensation
C0011253,,C0558089,verbally abusive behavior
C0011253,,C0007398,catatonia
C0011253,,C0438696,suicidal
C0011253,,C0558261,terrify
C0011253,,C0312422,blackout
C0011253,,C0424109,weepiness
C0011253,,C0338656,impaired cognition
C0011253,,C0022107,irritable mood
C0011253,,C0085631,agitation
C0233472,affect labile,C0277794,extreme exhaustion
C0233472,,C0917801,sleeplessness
C0233472,,C0014394,enuresis
C0233472,,C0376405,patient non compliance
C0233472,,C0150041,feeling hopeless
C0233472,,C0233763,hallucinations visual
C0233472,,C0425251,bedridden
C0233472,,C0741453,bedridden
C0233472,,C0242453,prostatism
C0011127,decubitus ulcer,C0232257,systolic murmur
C0011127,,C0871754,frail
C0011127,,C0015967,fever